Post id,Date,Post text,Post Link,Impressions,Likes,Engagements,Bookmarks,Shares,New follows,Replies,Reposts,Profile visits,Detail Expands,URL Clicks,Hashtag Clicks,Permalink Clicks
2011231642875257244,"Wed, Jan 14, 2026",We all know what we‚Äôre choosing https://t.co/wPabxZnP8R,https://x.com/RileyIsBuilding/status/2011231642875257244,15,0,2,0,0,0,0,0,0,0,0,0,0
2011221037942522260,"Tue, Jan 13, 2026",Thinking about building a gamified app that reminds you to keep in touch with friends regularly. It‚Äôll let you set a call or text frequency for each friend and give you points for keeping streaks. Would anyone be interested in this?,https://x.com/RileyIsBuilding/status/2011221037942522260,26,0,1,0,0,0,0,0,0,1,0,0,0
,,,https://x.com/RileyIsBuilding/status/undefined,0,0,0,0,0,0,0,0,0,0,0,0,0
2011214539015274984,"Tue, Jan 13, 2026",Small accounts! Reply to this post and I‚Äôll follow you. Let‚Äôs help each other grow üìà,https://x.com/RileyIsBuilding/status/2011214539015274984,23,0,0,0,0,0,0,0,0,0,0,0,0
2011212860131574222,"Tue, Jan 13, 2026",@0xgaut Can you do this for the date?? Huge.,https://x.com/RileyIsBuilding/status/2011212860131574222,109,2,2,0,0,0,0,0,0,0,0,0,0
2011212664257872133,"Tue, Jan 13, 2026","Skills ‚â† Agents. Skills = reusable expertise Claude references inside a conversation. Agents = separate execution contexts with autonomy. If your problem is context reuse and consistency, Skills win. If it‚Äôs independent execution, you want Agents. Different tools. Different",https://x.com/RileyIsBuilding/status/2011212664257872133,28,0,0,0,0,0,0,0,0,0,0,0,0
2011210918060003329,"Tue, Jan 13, 2026",@nickchapsas Unless it‚Äôs apple That would be awesome,https://x.com/RileyIsBuilding/status/2011210918060003329,157,0,0,0,0,0,0,0,0,0,0,0,0
2011209250874515621,"Tue, Jan 13, 2026",Nano banana turns my onboarding sketch into a passable UI with one prompt. Comment ‚Äúprompts‚Äù and I‚Äôll dm you my full nano banana UI design prompt library üëá https://t.co/Kf8eSI5xrS,https://x.com/RileyIsBuilding/status/2011209250874515621,60,0,2,0,0,0,0,0,0,0,0,0,0
2011208435618996524,"Tue, Jan 13, 2026",@ai_for_success Then how are any engineers still employed at Anthropic? Anyone coding with agentic models like Claude knows that SWE jobs aren‚Äôt going anywhere. We‚Äôre just software architects now.,https://x.com/RileyIsBuilding/status/2011208435618996524,31,0,0,0,0,0,0,0,0,0,0,0,0
2011206624099041437,"Tue, Jan 13, 2026","The research question underneath Claude Cowork: Can we make AI useful without turning humans into prompt engineers or babysitters? If this works, it changes where AI fits in daily knowledge work not as a tool, but as delegated labor.",https://x.com/RileyIsBuilding/status/2011206624099041437,43,0,0,0,0,0,0,0,0,0,0,0,0
2011206536451043667,"Tue, Jan 13, 2026",When I was a kid I always dreamed of bossing around some guy named Claude all day,https://x.com/RileyIsBuilding/status/2011206536451043667,25,0,0,0,0,0,0,0,0,0,0,0,0
2011203249483755542,"Tue, Jan 13, 2026",Vibe coding tip: Use tools and libraries that are older and well documented. Brand new libraries aren‚Äôt in your agents knowledge base. Most common errors your encounter with more established tech stacks will have already been solved on stack overflow. Keep it simple!,https://x.com/RileyIsBuilding/status/2011203249483755542,31,0,0,0,0,0,0,0,0,0,0,0,0
2011202327437615373,"Tue, Jan 13, 2026",Coding agents air on the side of creating overly complex software. Make sure your agents keep it simple,https://x.com/RileyIsBuilding/status/2011202327437615373,16,0,0,0,0,0,0,0,0,0,0,0,0
2011201795411100027,"Tue, Jan 13, 2026",@phuctm97 I‚Äôd say an experienced mechanical engineer is setup to be a better agentic coder than a traditional software dev,https://x.com/RileyIsBuilding/status/2011201795411100027,34,3,3,0,0,0,0,0,0,0,0,0,0
2011200743026704723,"Tue, Jan 13, 2026",Vibe coders What‚Äôs your tech stack?,https://x.com/RileyIsBuilding/status/2011200743026704723,13,0,0,0,0,0,0,0,0,0,0,0,0
2011173550171033631,"Tue, Jan 13, 2026",@avstorm Bye adobe,https://x.com/RileyIsBuilding/status/2011173550171033631,73,0,0,0,0,0,0,0,0,0,0,0,0
2011173362429825127,"Tue, Jan 13, 2026",@Dearme2_ Best advice,https://x.com/RileyIsBuilding/status/2011173362429825127,47,0,0,0,0,0,0,0,0,0,0,0,0
2011169144709038300,"Tue, Jan 13, 2026",@itsolelehmann WALL-E was right,https://x.com/RileyIsBuilding/status/2011169144709038300,29,0,0,0,0,0,0,0,0,0,0,0,0
2011168657838391417,"Tue, Jan 13, 2026",@EXM7777 Why use n8n in this workflow? Claude is 10x more powerful than n8n I can‚Äôt see a use for n8n if you are already comfortable with Claude,https://x.com/RileyIsBuilding/status/2011168657838391417,75,1,4,0,0,0,0,0,3,0,0,0,0
2011168434856620202,"Tue, Jan 13, 2026",@pmitu I don‚Äôt like it here,https://x.com/RileyIsBuilding/status/2011168434856620202,14,1,1,0,0,0,0,0,0,0,0,0,0
2011168127351153143,"Tue, Jan 13, 2026","@robjama Claude, Apple, and IKEA Same core philosophy Quality product wins",https://x.com/RileyIsBuilding/status/2011168127351153143,20,0,0,0,0,0,0,0,0,0,0,0,0
2011167979573297377,"Tue, Jan 13, 2026",@cgtwts Open AI product team needs some serious help They‚Äôd be better off letting chat gpt run it,https://x.com/RileyIsBuilding/status/2011167979573297377,18,0,0,0,0,0,0,0,0,0,0,0,0
2011167811817914870,"Tue, Jan 13, 2026",@annapanart https://t.co/zSC50UolY5,https://x.com/RileyIsBuilding/status/2011167811817914870,762,0,14,0,0,0,0,0,1,0,0,0,0
2011167632343646438,"Tue, Jan 13, 2026",Claude Cowork is Walmart @ManusAI,https://x.com/RileyIsBuilding/status/2011167632343646438,33,0,0,0,0,0,0,0,0,0,0,0,0
2011165555018051734,"Tue, Jan 13, 2026",@maddiedreese @ChatGPTapp Next level is taking the description and having chat turn them into ASCII art sketches,https://x.com/RileyIsBuilding/status/2011165555018051734,45,0,0,0,0,0,0,0,0,0,0,0,0
2011162789331747120,"Tue, Jan 13, 2026",When Claude asks if you want to allow after you‚Äôve already clicked ‚Äúalways allow‚Äù 5 times https://t.co/eAslyU1iGO,https://x.com/RileyIsBuilding/status/2011162789331747120,28,0,0,0,0,0,0,0,0,0,0,0,0
2011159105965285759,"Tue, Jan 13, 2026",@pmitu ‚ÄúWrite me a tweet to prove that I am a vibe coder. Do not make any mistakes.‚Äù,https://x.com/RileyIsBuilding/status/2011159105965285759,207,4,10,0,0,0,1,0,1,4,0,0,0
2011158827518083484,"Tue, Jan 13, 2026",Since modern coding is just systems engineering what is the best thing to study as an aspiring developer? &gt; Physics? &gt; Engineering? &gt; Mathematics? &gt; CS?,https://x.com/RileyIsBuilding/status/2011158827518083484,25,0,0,0,0,0,0,0,0,0,0,0,0
2011158371211280595,"Tue, Jan 13, 2026",@Mkpareek19_ Have you thought about automating any parts of this process with Claude?,https://x.com/RileyIsBuilding/status/2011158371211280595,7,0,0,0,0,0,0,0,0,0,0,0,0
2011156910821749040,"Tue, Jan 13, 2026",Complete nano banana üçå + Claude ü§ñ UI workflow üëá 1/ Design the UX first üì≤ Map every screen and interaction with intent. Brainstorm with chat until the flow is sharp. 2/ Hand draw the screens! ‚úçÔ∏è Rough sketches only. Speed over polish. 3/ Design with nano banana üçå,https://x.com/RileyIsBuilding/status/2011156910821749040,33,0,0,0,0,0,0,0,0,0,0,0,0
2011152266049503257,"Tue, Jan 13, 2026","The biggest gotcha no one glosses over: Automatic Skill activation is unreliable by default. Many report ~20% success unless you force evaluation or invoke explicitly. With hooks / slash commands, success jumps to ~80%+. Design for reality, not the brochure.",https://x.com/RileyIsBuilding/status/2011152266049503257,14,0,0,0,0,0,0,0,0,0,0,0,0
2011151185924014339,"Tue, Jan 13, 2026",@_devJNS Express. MERN stack for the win üèÜ,https://x.com/RileyIsBuilding/status/2011151185924014339,64,0,0,0,0,0,0,0,0,0,0,0,0
2011150340557783258,"Tue, Jan 13, 2026",@elijahmuraoka_ NotebookLM can turn pdfs into podcasts. Super high quality and very useful,https://x.com/RileyIsBuilding/status/2011150340557783258,14,0,0,0,0,0,0,0,0,0,0,0,0
2011150216247067082,"Tue, Jan 13, 2026",@Param_eth Every skill starts as a daily life habit,https://x.com/RileyIsBuilding/status/2011150216247067082,13,0,0,0,0,0,0,0,0,0,0,0,0
2011149480247324951,"Tue, Jan 13, 2026",@VadimStrizheus Honestly‚Ä¶ 30 years SWE. Claude can be taught but software design principles are much harder to learn and are still very important,https://x.com/RileyIsBuilding/status/2011149480247324951,21,0,0,0,0,0,0,0,0,0,0,0,0
2011144565248704567,"Tue, Jan 13, 2026",Anyone else notice that the vibe coding experience follows the Gartner hype cycle? https://t.co/6gTTj2DpAg,https://x.com/RileyIsBuilding/status/2011144565248704567,23,0,0,0,0,0,0,0,0,0,0,0,0
2011140122247598569,"Tue, Jan 13, 2026",Everything has a competitive advantage: Small organization ‚Üí you have speed Large organization ‚Üí you have resources Solo ‚Üí you answer to no one Just starting ‚Üí you have nothing to lose!,https://x.com/RileyIsBuilding/status/2011140122247598569,28,0,1,0,0,0,0,0,0,1,0,0,0
2011136254302437440,"Tue, Jan 13, 2026",Did he say he vibe coded a habit tracker with Claude? https://t.co/id9noCwHbS,https://x.com/RileyIsBuilding/status/2011136254302437440,35,0,0,0,0,0,0,0,0,0,0,0,0
2011122356379664620,"Tue, Jan 13, 2026",@mdnlabs Slot machine,https://x.com/RileyIsBuilding/status/2011122356379664620,2,0,0,0,0,0,0,0,0,0,0,0,0
2011120197726560696,"Tue, Jan 13, 2026",@lukebelmar My buddy Claude‚Äôs got you,https://x.com/RileyIsBuilding/status/2011120197726560696,112,0,1,0,0,0,1,0,0,0,0,0,0
2011119614483370421,"Tue, Jan 13, 2026",@audiencon A chrome extension based app that helps you grow on X Building it as I grow my account from 0 to see what ACTUALLY works,https://x.com/RileyIsBuilding/status/2011119614483370421,39,0,0,0,0,0,0,0,0,0,0,0,0
2011119182197497972,"Tue, Jan 13, 2026",@SinaHartung Creating and consuming isn‚Äôt mutually exclusive,https://x.com/RileyIsBuilding/status/2011119182197497972,11,0,0,0,0,0,0,0,0,0,0,0,0
2010944391188529273,"Tue, Jan 13, 2026",@BenjaminDEKR Ironically googles product first AI mindset has been very aligned with apples values. They‚Äôre also probably betting on TPUs,https://x.com/RileyIsBuilding/status/2010944391188529273,1146,1,4,0,0,0,0,0,1,2,0,0,0
2010934581466116326,"Tue, Jan 13, 2026",There is a real tradeoff with Claude Cowork that no one is talking about. More autonomy = fewer clarifying questions Fewer questions = higher risk Cowork bets that planning + visibility is a better safety lever than constant human approval. What do you think?,https://x.com/RileyIsBuilding/status/2010934581466116326,38,0,0,1,0,0,0,0,0,0,0,0,0
2010928480998080674,"Tue, Jan 13, 2026",Looking for other X newcomers trying to grow their audience! Say hi üëã,https://x.com/RileyIsBuilding/status/2010928480998080674,36,0,0,0,0,0,0,0,0,0,0,0,0
2010928282225819906,"Tue, Jan 13, 2026",@VadimStrizheus 1 and 2 fit under 3,https://x.com/RileyIsBuilding/status/2010928282225819906,35,2,4,0,0,0,0,0,1,1,0,0,0
2010918094127141143,"Tue, Jan 13, 2026",If I told myself years ago that one day Claude would be doing all my work I would‚Äôve thought he was a butler like Alfred,https://x.com/RileyIsBuilding/status/2010918094127141143,28,0,0,0,0,0,0,0,0,0,0,0,0
2010917158021206204,"Tue, Jan 13, 2026",@aryanlabde ü§ûtrying to stay consistent,https://x.com/RileyIsBuilding/status/2010917158021206204,8,0,0,0,0,0,0,0,0,0,0,0,0
2010902780085686453,"Tue, Jan 13, 2026",2 years ago we would‚Äôve called Claude Coworker AGI,https://x.com/RileyIsBuilding/status/2010902780085686453,24,0,0,0,0,0,0,0,0,0,0,0,0
2010879720246665264,"Tue, Jan 13, 2026","Why people actually build Claude Skills: ‚Ä¢ Encode domain knowledge once (stack patterns, UI rules, workflows) ‚Ä¢ Reuse it everywhere ‚Ä¢ Let Claude predict next steps when skills are linked clearly Good Skills reduce cognitive + context overhead.",https://x.com/RileyIsBuilding/status/2010879720246665264,25,0,1,0,0,0,0,0,0,1,0,0,0
2010879086378541268,"Tue, Jan 13, 2026",Haven‚Äôt heard anything good about OpenAI since GPT 5 Is this the end? @sama,https://x.com/RileyIsBuilding/status/2010879086378541268,19,0,0,0,0,0,0,0,0,0,0,0,0
2010878289209078035,"Tue, Jan 13, 2026",@Mbadiwejesse üëã,https://x.com/RileyIsBuilding/status/2010878289209078035,9,0,2,0,0,0,0,0,2,0,0,0,0
2010858084093346210,"Mon, Jan 12, 2026",The key idea of Claude Cowork: Stop forcing humans to translate work into chat-friendly prompts. Cowork lets Claude operate on the same artifacts you do &gt; folders &gt; drafts &gt; notes Less narration. More execution. This is a core shift in how users will interact with LLMs,https://x.com/RileyIsBuilding/status/2010858084093346210,31,0,0,0,0,0,0,0,0,0,0,0,0
2010855463362183486,"Mon, Jan 12, 2026","The reason churn is so much worse in b2c compared to b2b is because individual consumers are the most efficient actors. The same applies to startups. The smaller the team, the more efficiently you can make decisions. Every organization size has its advantages. Solo devs have",https://x.com/RileyIsBuilding/status/2010855463362183486,19,0,0,0,0,0,0,0,0,0,0,0,0
2010854811512815727,"Mon, Jan 12, 2026","Documentation drifts. You won‚Äôt reread it. AI won‚Äôt respect it. If behavior matters, encode it in the code, not a .md file.",https://x.com/RileyIsBuilding/status/2010854811512815727,14,0,0,0,0,0,0,0,0,0,0,0,0
2010848508018831384,"Mon, Jan 12, 2026",Hate to break it to you‚Ä¶ But Claude cowork just killed your AI agency ü§∑‚Äç‚ôÇÔ∏è,https://x.com/RileyIsBuilding/status/2010848508018831384,28,0,0,0,0,0,0,0,0,0,0,0,0
2010844083573383577,"Mon, Jan 12, 2026",Claude Skills aren‚Äôt ‚Äúfeatures.‚Äù They‚Äôre portable expertise. Think reusable context modules that load only when needed so you avoid prompt bloat while keeping workflows consistent across projects. That framing matters.,https://x.com/RileyIsBuilding/status/2010844083573383577,29,0,2,0,0,0,0,0,2,0,0,0,0
2010841901285712307,"Mon, Jan 12, 2026",Claude code is down‚Ä¶ Good time to be reminded of your ex: https://t.co/tRvKV80wiR,https://x.com/RileyIsBuilding/status/2010841901285712307,44,0,2,0,0,0,0,0,0,2,0,0,0
2010841649220366734,"Mon, Jan 12, 2026",@BlaneSteckline https://t.co/57PJWizixi,https://x.com/RileyIsBuilding/status/2010841649220366734,38,1,3,0,0,0,1,0,0,0,0,0,0
2010840632365895718,"Mon, Jan 12, 2026",Idk if I‚Äôm Ralph pilled yet. I only see this being very narrowly applicable,https://x.com/RileyIsBuilding/status/2010840632365895718,30,0,2,0,0,0,1,0,0,1,0,0,0
2010840437884330077,"Mon, Jan 12, 2026",@KevinSzabo14 They keep it simple stupid,https://x.com/RileyIsBuilding/status/2010840437884330077,10,0,0,0,0,0,0,0,0,0,0,0,0
2010839033833013716,"Mon, Jan 12, 2026",Verification Before Completion Claude proves the fix works before saying ‚Äúdone‚Äù.,https://x.com/RileyIsBuilding/status/2010839033833013716,19,0,0,0,0,0,0,0,0,0,0,0,0
2010839031228092572,"Mon, Jan 12, 2026","Systematic Debugging Every bug gets a hypothesis, experiment, and verification. No random edits.",https://x.com/RileyIsBuilding/status/2010839031228092572,18,0,1,0,0,0,1,0,0,0,0,0,0
2010839028279529874,"Mon, Jan 12, 2026","Test Driven Development Claude writes failing tests first, then code, then refactors. No skipping quality.",https://x.com/RileyIsBuilding/status/2010839028279529874,8,0,1,0,0,0,1,0,0,0,0,0,0
2010839026090250405,"Mon, Jan 12, 2026","Most people use Claude like autocomplete. That‚Äôs the mistake. The Superpowers repo turns Claude into an actual engineering teammate. It adds must have skills like: &gt; TDD &gt; systematic debugging &gt; planning before coding &gt; verification before shipping. Instead of guessing,",https://x.com/RileyIsBuilding/status/2010839026090250405,35,0,2,0,0,0,1,0,0,0,1,0,0
2010834867462791197,"Mon, Jan 12, 2026",How are you guys solving the insane Ralph Wiggum token burn?,https://x.com/RileyIsBuilding/status/2010834867462791197,33,1,4,0,0,0,0,0,2,1,0,0,0
2010831783583998270,"Mon, Jan 12, 2026",Soon people will be publishing software as fast as they post content. There will be massive software platforms that mimic the speed and volume of social media.,https://x.com/RileyIsBuilding/status/2010831783583998270,24,0,0,0,0,0,0,0,0,0,0,0,0
2010831148914799069,"Mon, Jan 12, 2026",The difference between being an AI power user and an average Joe is like the difference between cars and bicycles üö≤,https://x.com/RileyIsBuilding/status/2010831148914799069,15,0,0,0,0,0,0,0,0,0,0,0,0
2010830901010124977,"Mon, Jan 12, 2026",@forgebitz It‚Äôs a product made by the best programmers in the world who can‚Äôt write for shit,https://x.com/RileyIsBuilding/status/2010830901010124977,10,0,0,0,0,0,0,0,0,0,0,0,0
2010829911284461692,"Mon, Jan 12, 2026",Claude dropping cowork will be looked back on as the moment vibe coding went exponential,https://x.com/RileyIsBuilding/status/2010829911284461692,19,0,0,0,0,0,0,0,0,0,0,0,0
2010827972370899243,"Mon, Jan 12, 2026",Claude code just built a production grade app off of one prompt in an hour! We are truly living in the future. Check it out: http://localhost:3000,https://x.com/RileyIsBuilding/status/2010827972370899243,21,0,0,0,0,0,0,0,0,0,0,0,0
2010826776285491231,"Mon, Jan 12, 2026",@KevinSzabo14 Can you elaborate on ‚Äúturn comments into tweets‚Äù,https://x.com/RileyIsBuilding/status/2010826776285491231,9,2,3,0,0,0,1,0,0,0,0,0,0
2010825727906570490,"Mon, Jan 12, 2026",@EXM7777 Haven‚Äôt seen open ai ship a product that stuck since chat gpt‚Ä¶,https://x.com/RileyIsBuilding/status/2010825727906570490,235,0,1,0,0,0,0,0,1,0,0,0,0
2010825524596355103,"Mon, Jan 12, 2026",@vivoplt Technically it‚Äôs Postgres but who‚Äôs keeping track,https://x.com/RileyIsBuilding/status/2010825524596355103,17,0,1,0,0,0,0,0,1,0,0,0,0
2010818180336284154,"Mon, Jan 12, 2026",@forgebitz Creativity is a normal distribution,https://x.com/RileyIsBuilding/status/2010818180336284154,6,0,0,0,0,0,0,0,0,0,0,0,0
2010816355642020169,"Mon, Jan 12, 2026","Everyone is building on top of LLMs, why is no one building on top of ML anymore?",https://x.com/RileyIsBuilding/status/2010816355642020169,18,0,0,0,0,0,0,0,0,0,0,0,0
2010815757937004780,"Mon, Jan 12, 2026",@aryanlabde Not making any money yet so‚Ä¶ yes?,https://x.com/RileyIsBuilding/status/2010815757937004780,6,1,2,0,0,0,1,0,0,0,0,0,0
2010815699887726900,"Mon, Jan 12, 2026",@aeejazkhan Maybe a product?,https://x.com/RileyIsBuilding/status/2010815699887726900,12,1,1,0,0,0,0,0,0,0,0,0,0
2010815139579064754,"Mon, Jan 12, 2026",Pitch me your startup in a paragraph. Enough of this 2 word crap.,https://x.com/RileyIsBuilding/status/2010815139579064754,22,0,0,0,0,0,0,0,0,0,0,0,0
2010814825803497880,"Mon, Jan 12, 2026","@Appyg99 Vibe coding won‚Äôt replace engineers. It will make them system architects, not programmers.",https://x.com/RileyIsBuilding/status/2010814825803497880,18,0,0,0,0,0,0,0,0,0,0,0,0
2010814510450557302,"Mon, Jan 12, 2026",SAAS isn‚Äôt going anywhere. Yes you can pretty much one shot a personal microsaas for anything. But most people still don‚Äôt have the architectural abilities to design systems good enough for them to use. The code output will always be dependent on the human in the loop‚Äôs,https://x.com/RileyIsBuilding/status/2010814510450557302,23,0,0,0,0,0,0,0,0,0,0,0,0
2010811341309870195,"Mon, Jan 12, 2026","Big takeaway: The future isn‚Äôt just better models. It‚Äôs better routing systems that know who should think, with what tools, and when to adapt. ATLAS is a strong step in that direction.",https://x.com/RileyIsBuilding/status/2010811341309870195,16,0,0,0,0,0,0,0,0,0,0,0,0
2010811338101346379,"Mon, Jan 12, 2026","The results are hard to ignore. Across 15 benchmarks, ATLAS: ‚Ä¢ Beats GPT-4o ‚Ä¢ Outperforms existing routing methods ‚Ä¢ +10.1% on in distribution tasks ‚Ä¢ +13.1% on out of distribution tasks https://t.co/hZA6c5tIu6",https://x.com/RileyIsBuilding/status/2010811338101346379,26,0,1,0,0,0,1,0,0,0,0,0,0
2010811332367696073,"Mon, Jan 12, 2026","That‚Äôs where the second path comes in: Reinforcement Learning based multi step routing. ATLAS tries different model tool combinations, step by step, learning which reasoning trajectory actually works.",https://x.com/RileyIsBuilding/status/2010811332367696073,3,0,1,0,0,0,1,0,0,0,0,0,0
2010811330408956137,"Mon, Jan 12, 2026","This is powered by a training free, cluster-based routing path. Queries are mapped into a semantic space. Similar problems cluster together. Each cluster carries empirical priors about which combinations historically performed best.",https://x.com/RileyIsBuilding/status/2010811330408956137,2,0,1,0,0,0,1,0,0,0,0,0,0
2010811328223695312,"Mon, Jan 12, 2026","If a task looks familiar, ATLAS moves fast. It checks prior experience: ‚ÄúWhat worked best for problems like this before?‚Äù Then it reuses that proven model tool pair no retraining, no guessing.",https://x.com/RileyIsBuilding/status/2010811328223695312,2,0,1,0,0,0,1,0,0,0,0,0,0
2010811275568431195,"Mon, Jan 12, 2026","ATLAS works like an intelligent dispatch system. Given a query, it doesn‚Äôt just pick a model. It assigns the right worker and the right equipment as a single decision. That coupling is the key idea.",https://x.com/RileyIsBuilding/status/2010811275568431195,7,0,1,0,0,0,1,0,0,0,0,0,0
2010811272586293683,"Mon, Jan 12, 2026","Most AI systems treat model choice and tool use as separate problems. ATLAS argues that‚Äôs the wrong abstraction. The real question is: Which model + which tools, together, best solve this task? https://t.co/SQ6s9dNNvM",https://x.com/RileyIsBuilding/status/2010811272586293683,18,0,1,0,0,0,1,0,0,0,0,0,0
2010807733440917737,"Mon, Jan 12, 2026",@BusDownBonnor The next big innovations will be built around handling slop and hallucinations,https://x.com/RileyIsBuilding/status/2010807733440917737,43,1,1,0,0,0,0,0,0,0,0,0,0
2010807590167699882,"Mon, Jan 12, 2026",@bolaabanjo VS code with Claude &gt;,https://x.com/RileyIsBuilding/status/2010807590167699882,45,0,1,0,0,0,0,0,1,0,0,0,0
2010805216959164592,"Mon, Jan 12, 2026",@santimc_io ü´°,https://x.com/RileyIsBuilding/status/2010805216959164592,12,0,0,0,0,0,0,0,0,0,0,0,0
2010804259139567786,"Mon, Jan 12, 2026","Anyone else hitting this Claude code bug today? 529 {""type"":""error"",""error"":{""type"":""overloaded_error"",""message"":""Overloaded""},""request_id"":""(I redacted the ID)""}",https://x.com/RileyIsBuilding/status/2010804259139567786,261,0,11,0,0,0,1,0,1,9,0,0,0
2010802792131412088,"Mon, Jan 12, 2026","The Ralph Wiggum method AI coding autonomously forever. It‚Äôs a controlled iteration pattern. - Claude is given a task + clear stop conditions. - When it tries to exit, the plugin feeds the task back in. - The agent keeps refining until the criteria are met (or limits are hit). https://t.co/iG6nOm3Y1K",https://x.com/RileyIsBuilding/status/2010802792131412088,68,1,3,0,0,1,0,0,0,1,0,0,0
2010800741162860953,"Mon, Jan 12, 2026","There‚Äôs a real gap between vibe coding and agentic engineering. Vibe coding ‚Üí one shotting apps with loose natural language. Great for demos, validation, and quick ideation. Agentic engineering ‚Üí structured design, clear boundaries, context management, and agents owning",https://x.com/RileyIsBuilding/status/2010800741162860953,32,0,0,0,0,0,0,0,0,0,0,0,0
2010787688874721500,"Mon, Jan 12, 2026",@KingBootoshi Agentic engineering may be the perfect term to replace vibe coding,https://x.com/RileyIsBuilding/status/2010787688874721500,31,0,1,0,0,0,0,0,1,0,0,0,0
2010787531860922693,"Mon, Jan 12, 2026",@LoicBerthelot Idea 10% Build 10% Distribution 80%,https://x.com/RileyIsBuilding/status/2010787531860922693,20,0,1,0,0,0,0,0,1,0,0,0,0
2009730362067616237,"Fri, Jan 9, 2026",@CardinalMason Classic example of all hype with no product,https://x.com/RileyIsBuilding/status/2009730362067616237,29,0,0,0,0,0,0,0,0,0,0,0,0
2009730093799895476,"Fri, Jan 9, 2026",@codewithDiyaa Send them over teams then delete them üòÇ,https://x.com/RileyIsBuilding/status/2009730093799895476,38,0,0,0,0,0,0,0,0,0,0,0,0
2009729695693386016,"Fri, Jan 9, 2026",When did you realize that Tony Stark was actually just a vibe coder https://t.co/0NJP5fMFDH,https://x.com/RileyIsBuilding/status/2009729695693386016,36,0,1,0,0,0,0,0,0,1,0,0,0
,,,https://x.com/RileyIsBuilding/status/undefined,0,0,0,0,0,0,0,0,0,0,0,0,0
,,,https://x.com/RileyIsBuilding/status/undefined,0,0,0,0,0,0,0,0,0,0,0,0,0
2009703749724594254,"Fri, Jan 9, 2026",I love when Claude reads my .env file to let me know who‚Äôs in charge,https://x.com/RileyIsBuilding/status/2009703749724594254,25,0,0,0,0,0,0,0,0,0,0,0,0
2009432962513948772,"Fri, Jan 9, 2026",@mattshumer_ It‚Äôs a slot machine,https://x.com/RileyIsBuilding/status/2009432962513948772,20,0,0,0,0,0,0,0,0,0,0,0,0
2009410539118829843,"Thu, Jan 8, 2026",@thdxr Sounds like a bias towards your modes of thinking,https://x.com/RileyIsBuilding/status/2009410539118829843,165,0,0,0,0,0,0,0,0,0,0,0,0
2009408366083494328,"Thu, Jan 8, 2026",This enough to run docker locally? https://t.co/Ut1Q8OwExq,https://x.com/RileyIsBuilding/status/2009408366083494328,38,0,0,0,0,0,0,0,0,0,0,0,0
2009406850761179281,"Thu, Jan 8, 2026",If AI models crashed for a month overnight would your business go under?,https://x.com/RileyIsBuilding/status/2009406850761179281,31,0,0,0,0,0,0,0,0,0,0,0,0
2009406738274111965,"Thu, Jan 8, 2026",@VadimStrizheus Touching grass,https://x.com/RileyIsBuilding/status/2009406738274111965,27,0,0,0,0,0,0,0,0,0,0,0,0
2009405917201342788,"Thu, Jan 8, 2026","@nateberkopec I think it‚Äôs better for predictable, repetitive tasks rather than large scale developments",https://x.com/RileyIsBuilding/status/2009405917201342788,38,0,0,0,0,0,0,0,0,0,0,0,0
2009403413617123364,"Thu, Jan 8, 2026","Final step: Build the UI Now I code using: ‚Äì The UI image ‚Äì The https://t.co/MvycKWGzzA file At this point it‚Äôs execution, not exploration. The result: Faster builds. More consistent UI.",https://x.com/RileyIsBuilding/status/2009403413617123364,31,0,0,0,0,0,0,0,0,0,0,0,0
2009403411171832217,"Thu, Jan 8, 2026","Step 5: Extract a design system with Claude Once I like the UI image, I upload it to Claude. I ask it to generate a https://t.co/MvycKWGzzA file with: ‚Äì Colors ‚Äì Spacing scale ‚Äì Font sizes ‚Äì Radius values ‚Äì Component rules No guessing. Just specs.",https://x.com/RileyIsBuilding/status/2009403411171832217,39,0,1,0,0,0,1,0,0,0,0,0,0
2009403409577996648,"Thu, Jan 8, 2026",Step 4: Refine visually before touching code I iterate in Nano Banana until the UI actually looks shippable. This saves a ton of time because: ‚Äì The design is resolved ‚Äì The hierarchy is locked - Claude doesn‚Äôt have to guess,https://x.com/RileyIsBuilding/status/2009403409577996648,20,0,1,0,0,0,1,0,0,0,0,0,0
2009403406470074686,"Thu, Jan 8, 2026",Step 3: Turn sketches into real UIs with Nano Banana üçå I take photos of the screen sketches and upload them to Nano Banana. Then I describe: ‚Äì UI style ‚Äì spacing + density ‚Äì typography vibe ‚Äì platform constraints This step bridges intent ‚Üí visuals https://t.co/uWmAjxXfwZ,https://x.com/RileyIsBuilding/status/2009403406470074686,15,0,1,0,0,0,1,0,0,0,0,0,0
2009403397150269471,"Thu, Jan 8, 2026","Step 2: Hand draw everything! Once the flow makes sense, I sketch each screen by hand. This forces constraints: ‚Äì No visual noise ‚Äì Clear hierarchy ‚Äì Obvious interactions Paper is still the fastest way to see bad ideas early. https://t.co/vuC1R94hiN",https://x.com/RileyIsBuilding/status/2009403397150269471,11,0,2,0,0,0,1,0,0,0,0,0,0
2009403386568036781,"Thu, Jan 8, 2026",Step 1: Brainstorm the UX flow I start by talking through the product idea with ChatGPT. Focusing on generating user FLOWS. What screens exist? What decisions does the user make? What can be removed? Sharing the prompt I use üëÄ https://t.co/p9DdamXwD8,https://x.com/RileyIsBuilding/status/2009403386568036781,19,0,1,0,0,0,1,0,0,0,0,0,0
2009403379370610897,"Thu, Jan 8, 2026",I use AI at multiple points in my UI design process. But not where most people expect. Here‚Äôs my full workflow from idea to code üëá,https://x.com/RileyIsBuilding/status/2009403379370610897,46,0,2,0,0,0,1,0,0,1,0,0,0
2009392817156825236,"Thu, Jan 8, 2026",@dev_olayinka Yes Wanted more social interaction in my day to day life Found it outside of work,https://x.com/RileyIsBuilding/status/2009392817156825236,44,1,2,0,0,0,0,0,1,0,0,0,0
2009392606841811186,"Thu, Jan 8, 2026",@brockpierson @grok put a tank with exotic fish there,https://x.com/RileyIsBuilding/status/2009392606841811186,42,0,3,0,0,0,1,0,1,1,0,0,0
2009391896528081189,"Thu, Jan 8, 2026",@DavidSHolz They do They‚Äôre called markdown files,https://x.com/RileyIsBuilding/status/2009391896528081189,166,1,8,0,0,0,1,0,1,5,0,0,0
2009389381891825764,"Thu, Jan 8, 2026",When Claude is stuck I say this and it helps every time: ‚ÄúThink from first principles to find the best path out of this loop‚Äù Thank me later ü´°,https://x.com/RileyIsBuilding/status/2009389381891825764,31,1,1,0,0,0,0,0,0,0,0,0,0
2009381536492138585,"Thu, Jan 8, 2026",@frantzfries Everyone in life*,https://x.com/RileyIsBuilding/status/2009381536492138585,82,0,0,0,0,0,0,0,0,0,0,0,0
2009348591769538614,"Thu, Jan 8, 2026",Realistic look at Claude max usage mid day on a Thursday. https://t.co/yi3bPiJI5f,https://x.com/RileyIsBuilding/status/2009348591769538614,50,1,4,0,0,0,0,0,0,0,0,0,0
2009345312805294135,"Thu, Jan 8, 2026","More and more documentation is increasingly being written by AI. Reading documentation is also a huge part of the workflow of AI agents. Does this mean that documentation will start to be written by AI, for AI? What does this look like?",https://x.com/RileyIsBuilding/status/2009345312805294135,49,1,2,0,0,0,1,0,0,0,0,0,0
2009344836307177838,"Thu, Jan 8, 2026",@birdabo The more senior you get the less code you write,https://x.com/RileyIsBuilding/status/2009344836307177838,87,0,2,0,0,0,0,0,2,0,0,0,0
2009344639707566208,"Thu, Jan 8, 2026",@benjaminvrbk I hope you got a raise my friend,https://x.com/RileyIsBuilding/status/2009344639707566208,411,0,3,0,0,0,0,0,3,0,0,0,0
2009343602657526156,"Thu, Jan 8, 2026",@Tech_girlll Used to be python but I probably can‚Äôt anymore üò≠,https://x.com/RileyIsBuilding/status/2009343602657526156,123,1,8,0,0,0,1,0,3,3,0,0,0
2009343484457832771,"Thu, Jan 8, 2026","Claude sweetie, are you ok? You‚Äôve barely touched your .md files today.",https://x.com/RileyIsBuilding/status/2009343484457832771,40,0,0,0,0,0,0,0,0,0,0,0,0
2009343237170057724,"Thu, Jan 8, 2026",@aronkor ‚ÄúClaude code‚Äù,https://x.com/RileyIsBuilding/status/2009343237170057724,42,1,1,0,0,0,0,0,0,0,0,0,0
2009342025016201615,"Thu, Jan 8, 2026",Why did they take him away from us so soon üòø https://t.co/v7iw657LSf,https://x.com/RileyIsBuilding/status/2009342025016201615,40,0,0,0,0,0,0,0,0,0,0,0,0
2009340789504229832,"Thu, Jan 8, 2026",What‚Äôs stopping you from using Claude code as a storage cleaner? The possibilities with this thing are endless https://t.co/P2mSzdQdpL,https://x.com/RileyIsBuilding/status/2009340789504229832,45,0,0,0,0,0,0,0,0,0,0,0,0
2009339186244145268,"Thu, Jan 8, 2026",You can only swap the places of 2. Which are you choosing and why? https://t.co/0nwpNdjuI8,https://x.com/RileyIsBuilding/status/2009339186244145268,32,0,0,0,0,0,0,0,0,0,0,0,0
2009338431940559115,"Thu, Jan 8, 2026",@athleticKoder There should be a startup built around this. Should I build it? AI arena?,https://x.com/RileyIsBuilding/status/2009338431940559115,368,0,4,0,0,0,1,0,3,0,0,0,0
2009326804432244777,"Thu, Jan 8, 2026",Vibe coding and solid AI agentic coding are two completely different things When are we going to realize this Vibe coding is one shotting blindly Good agentic coding is systems engineering and top tier UX design,https://x.com/RileyIsBuilding/status/2009326804432244777,42,0,0,0,0,0,0,0,0,0,0,0,0
2009314376327811156,"Thu, Jan 8, 2026",@nathan_covey I guess this settles the age old debate‚Ä¶ SWEs could be marketers but marketers can‚Äôt be SWEs,https://x.com/RileyIsBuilding/status/2009314376327811156,151,1,1,0,0,0,0,0,0,0,0,0,0
2009314116339650720,"Thu, Jan 8, 2026",@1Umairshaikh Build to solve problems you face ü´µ,https://x.com/RileyIsBuilding/status/2009314116339650720,25,0,0,0,0,0,0,0,0,0,0,0,0
2009314011075236114,"Thu, Jan 8, 2026",@SledgeDev But how am I gonna put on my socks tomorrow morning without asking chat for guidance?,https://x.com/RileyIsBuilding/status/2009314011075236114,12,0,0,0,0,0,0,0,0,0,0,0,0
2009313683336528371,"Thu, Jan 8, 2026",@trikcode This has to be rage bait if over 25 is elderly üòÇ,https://x.com/RileyIsBuilding/status/2009313683336528371,15,0,0,0,0,0,0,0,0,0,0,0,0
2009313580722868516,"Thu, Jan 8, 2026",@abhi__br I‚Äôve seen this same post recycled 5 times,https://x.com/RileyIsBuilding/status/2009313580722868516,41,0,1,0,0,0,0,0,1,0,0,0,0
2009313399965143514,"Thu, Jan 8, 2026","When you push to remote thinking it‚Äôs a simple fix and you see 8,000+ new lines of code ü§¶‚Äç‚ôÇÔ∏è Claude really goes crazy with full context‚Ä¶ https://t.co/541c8luyZz",https://x.com/RileyIsBuilding/status/2009313399965143514,43,1,5,0,0,0,1,0,0,0,0,0,0
2009108293407658158,"Thu, Jan 8, 2026",@brightafia Any other advice? Does reply guy still work?,https://x.com/RileyIsBuilding/status/2009108293407658158,14,0,0,0,0,0,0,0,0,0,0,0,0
2009099501987106936,"Thu, Jan 8, 2026","You ever notice how you spot AI writing? Sometimes it isn‚Äôt clear, no em-dashes, not overly explanatory, but you can just tell. It doesn‚Äôt have that edge. What is that human edge?",https://x.com/RileyIsBuilding/status/2009099501987106936,60,1,3,0,0,0,0,0,0,2,0,0,0
2009099264845349184,"Thu, Jan 8, 2026",Don‚Äôt let it enter your consciousness. Keep going. Consistency is all you need. This is how we win.,https://x.com/RileyIsBuilding/status/2009099264845349184,48,1,2,0,0,0,1,0,0,0,0,0,0
,,,https://x.com/RileyIsBuilding/status/undefined,0,0,0,0,0,0,0,0,0,0,0,0,0
2009097961008197797,"Thu, Jan 8, 2026","@aeejazkhan True. The code is only as good as the framework it fits in. Humans still design the frameworks, AI builds the gears.",https://x.com/RileyIsBuilding/status/2009097961008197797,14,0,0,0,0,0,0,0,0,0,0,0,0
2009097682976198666,"Thu, Jan 8, 2026",@psomkar1 There is no AI bubble.,https://x.com/RileyIsBuilding/status/2009097682976198666,13,0,1,0,0,0,0,0,1,0,0,0,0
2009097608690819382,"Thu, Jan 8, 2026",@akramcodez I wanna say Claude but I have to say Spotify,https://x.com/RileyIsBuilding/status/2009097608690819382,241,0,0,0,0,0,0,0,0,0,0,0,0
2009097172848197901,"Thu, Jan 8, 2026",How will enhanced productivity from the AI coding revolution affect the market? I see two possible futures: 1. Consumer taste rises slower than productivity growth. In this future companies will require less labor as the quality demanded by the market is progressing slower,https://x.com/RileyIsBuilding/status/2009097172848197901,46,1,1,0,0,0,0,0,0,0,0,0,0
,,,https://x.com/RileyIsBuilding/status/undefined,0,0,0,0,0,0,0,0,0,0,0,0,0
2009094663374811622,"Thu, Jan 8, 2026",Anyone else surprised by how the AI sector stabilized? This time a year ago there was no clear business model and it was near impossible to make predictions. Some people were claiming AGI was months away. Some people said SAAS would be dead. A year later and the industry,https://x.com/RileyIsBuilding/status/2009094663374811622,39,1,1,0,0,0,0,0,0,0,0,0,0
2009093297466429484,"Thu, Jan 8, 2026",@freemanjiangg Brilliant. Where did you source the city bike data from?,https://x.com/RileyIsBuilding/status/2009093297466429484,39,0,0,0,0,0,0,0,0,0,0,0,0
2009093197973315791,"Thu, Jan 8, 2026",@var_epsilon Very google of them,https://x.com/RileyIsBuilding/status/2009093197973315791,69,0,0,0,0,0,0,0,0,0,0,0,0
2009093045170655461,"Thu, Jan 8, 2026",@livingdevops AI is a great programmer but a terrible software engineer. Let that sink in,https://x.com/RileyIsBuilding/status/2009093045170655461,393,1,7,0,0,0,1,0,3,2,0,0,0
2009058391596097825,"Thu, Jan 8, 2026",@nalinrajput23 Now imagine what the next zuck could do with modern tools. We‚Äôve gone exponential,https://x.com/RileyIsBuilding/status/2009058391596097825,189,0,0,0,0,0,0,0,0,0,0,0,0
2009057647971156420,"Thu, Jan 8, 2026",@amooh001 ü´¥,https://x.com/RileyIsBuilding/status/2009057647971156420,20,0,0,0,0,0,0,0,0,0,0,0,0
2009056333455294832,"Thu, Jan 8, 2026",What‚Äôs everyone favorite launch strategy? Is it a platform like product hunt? Is it a waitlist or beta launch method? What else are people doing üëÄ,https://x.com/RileyIsBuilding/status/2009056333455294832,60,0,0,0,0,0,0,0,0,0,0,0,0
2009056074901618928,"Thu, Jan 8, 2026",@RoarWeb3 So you value your time at $0/hr?,https://x.com/RileyIsBuilding/status/2009056074901618928,23,1,2,0,0,0,0,0,1,0,0,0,0
2009055559639814321,"Thu, Jan 8, 2026",Are browsers going to become more or less strict with bot detection? Seems like an obvious yes right? But think about it‚Ä¶ The new SEO is LLM optimization and if your site isn‚Äôt being crawled it‚Äôs not going to rank. Will sites be forced to loosen their bot restrictions?,https://x.com/RileyIsBuilding/status/2009055559639814321,55,0,0,0,0,0,0,0,0,0,0,0,0
2009054562905411890,"Thu, Jan 8, 2026",@petergyang Claude + the asana MCP,https://x.com/RileyIsBuilding/status/2009054562905411890,123,0,0,0,0,0,0,0,0,0,0,0,0
2009004852962333169,"Wed, Jan 7, 2026",Building in Positano üáÆüáπ Learn AI and the world is your oyster https://t.co/rAhTY34G8X,https://x.com/RileyIsBuilding/status/2009004852962333169,37,0,1,0,0,0,0,0,0,0,0,0,0
2008978562771288382,"Wed, Jan 7, 2026",@akramcodez Postgres and Mongo‚Ä¶ No other answer,https://x.com/RileyIsBuilding/status/2008978562771288382,42,0,1,0,0,0,0,0,1,0,0,0,0
2008978363462066241,"Wed, Jan 7, 2026","@n0w00j Who in their right mind is paying 1,500,000 for a launch video ü§¶‚Äç‚ôÇÔ∏è",https://x.com/RileyIsBuilding/status/2008978363462066241,10,0,0,0,0,0,0,0,0,0,0,0,0
2008960448117526561,"Wed, Jan 7, 2026",@ProductHunt Command+F on steroids for students,https://x.com/RileyIsBuilding/status/2008960448117526561,34,2,3,0,0,0,0,0,0,1,0,0,0
2008959314359382050,"Wed, Jan 7, 2026",@danieltb_dev Design is the most important part! AI is so good at frontend dev that most people will ignore design and vibe code a cookie cutter UI‚Ä¶ This makes it easy to stand out with clean and well designed apps! Out design and out market your competition üöÄ,https://x.com/RileyIsBuilding/status/2008959314359382050,13,1,3,0,0,0,1,0,0,1,0,0,0
2008957838102810764,"Wed, Jan 7, 2026",@1Umairshaikh Literally all 3. Funny how building is the easy part now‚Ä¶,https://x.com/RileyIsBuilding/status/2008957838102810764,6,0,0,0,0,0,0,0,0,0,0,0,0
2008957716010782977,"Wed, Jan 7, 2026",@donvito Why not setup a waitlist earlier (pre build phase) to get hype going. No need to ditch it. Waitlists are a tool to generate hype,https://x.com/RileyIsBuilding/status/2008957716010782977,158,0,0,0,0,0,0,0,0,0,0,0,0
2008957399038853210,"Wed, Jan 7, 2026",Claude code ‚Äúpower users‚Äù be like: https://t.co/lXkTjroiK7,https://x.com/RileyIsBuilding/status/2008957399038853210,54,0,0,0,0,0,0,0,0,0,0,0,0
2008953367331041413,"Wed, Jan 7, 2026",@xstevengg Unfortunately I‚Äôm not there anymore! I‚Äôd love to hear about what you‚Äôre working on though incase I come back.,https://x.com/RileyIsBuilding/status/2008953367331041413,14,0,0,0,0,0,0,0,0,0,0,0,0
2008953187869577262,"Wed, Jan 7, 2026",The core skill of ‚Äúsoftware development‚Äù has gone from coding to systems engineering and product management. The winners will be people who think in complex systems: - physicists üß¨ - engineers ü¶´ - mathematicians üßÆ,https://x.com/RileyIsBuilding/status/2008953187869577262,56,1,4,0,0,0,2,0,0,1,0,0,0
2008951513625063512,"Wed, Jan 7, 2026",@OmriBuilds Command+F on steroids,https://x.com/RileyIsBuilding/status/2008951513625063512,19,0,1,0,0,0,0,0,1,0,0,0,0
2008791832277451171,"Wed, Jan 7, 2026","Day 1 of building in public üöÄ What I accomplished today: ‚úÖ I added a new summary generation system for document uploads Before, when a user asked something like ‚Äúsummarize this document‚Äù, all document chunks were summarized on demand. This took absurdly long for large https://t.co/a2CzaGO4ly",https://x.com/RileyIsBuilding/status/2008791832277451171,53,0,1,0,0,0,0,0,0,0,0,0,0
2008690263888462330,"Wed, Jan 7, 2026",Trying to give valuable advice with 0 followers is such a unique feeling,https://x.com/RileyIsBuilding/status/2008690263888462330,58,1,1,0,0,0,0,0,0,0,0,0,0
2008687263610532215,"Tue, Jan 6, 2026",@signulll I‚Äôve heard good things about whisperflow,https://x.com/RileyIsBuilding/status/2008687263610532215,52,0,0,0,0,0,0,0,0,0,0,0,0
2008651697145663932,"Tue, Jan 6, 2026",Telling Claude to ‚Äúthink from first principles‚Äù is the only reliable method I‚Äôve found that can break it out of an infinite loop.,https://x.com/RileyIsBuilding/status/2008651697145663932,63,0,1,0,0,0,0,0,0,1,0,0,0
,,,https://x.com/RileyIsBuilding/status/undefined,0,0,0,0,0,0,0,0,0,0,0,0,0
2008644435664633996,"Tue, Jan 6, 2026",Is the true Turing test when AI can pass captchas? If another AI cannot reliably differentiate between AI and humans in some way.,https://x.com/RileyIsBuilding/status/2008644435664633996,57,0,0,0,0,0,0,0,0,0,0,0,0
2008617940502077684,"Tue, Jan 6, 2026",Am I the only one that hates when people use .io domains for a site that isn‚Äôt an input output service? People don‚Äôt use .edu for non education related services or .ai for anything that isn‚Äôt in the AI sector. But people use .io for their portfolios just because it‚Äôs trendy.,https://x.com/RileyIsBuilding/status/2008617940502077684,64,1,2,0,0,0,0,0,0,1,0,0,0
2008616975053041786,"Tue, Jan 6, 2026",@maddiedreese One shot your demo -&gt; spend an insane amount of time on your actual app,https://x.com/RileyIsBuilding/status/2008616975053041786,41,0,0,0,0,0,0,0,0,0,0,0,0
2008612525609509193,"Tue, Jan 6, 2026",How did you guys get your first couple X followers?,https://x.com/RileyIsBuilding/status/2008612525609509193,51,0,0,0,0,0,0,0,0,0,0,0,0
2008610237239193869,"Tue, Jan 6, 2026",@0xDesigner Tip 1: Don‚Äôt click dangerously skip permissions,https://x.com/RileyIsBuilding/status/2008610237239193869,17,0,2,0,0,0,0,0,0,2,0,0,0
2008610027540795404,"Tue, Jan 6, 2026","@Bhavani_00007 Claude pro, that‚Äôs it.",https://x.com/RileyIsBuilding/status/2008610027540795404,15,0,0,0,0,0,0,0,0,0,0,0,0
2008609255029698683,"Tue, Jan 6, 2026","@themorapour Hey! I‚Äôm Riley, a software dev focused on vertical AI apps. Currently building ClassChatAI, a tool for students to easily parse through large textbooks, notes, and documents to study effectively. I‚Äôll be building this app in public on my X account. Cheersüçª",https://x.com/RileyIsBuilding/status/2008609255029698683,14,0,0,0,0,0,0,0,0,0,0,0,0
2008608612047089715,"Tue, Jan 6, 2026",@1Umairshaikh A product,https://x.com/RileyIsBuilding/status/2008608612047089715,15,0,0,0,0,0,0,0,0,0,0,0,0
2008606732961149282,"Tue, Jan 6, 2026",@luke_pighetti @Apple Hell no,https://x.com/RileyIsBuilding/status/2008606732961149282,26,0,0,0,0,0,0,0,0,0,0,0,0
2008606692473532643,"Tue, Jan 6, 2026",@deedydas Bullish on Gemini and google in general. - Nano üçå will win image models - Gemini is on par with all general purpose models - tools like notebook LM are the best research tools out there They just need to step up their code agent game.,https://x.com/RileyIsBuilding/status/2008606692473532643,100,0,0,0,0,0,0,0,0,0,0,0,0
2008606353972232322,"Tue, Jan 6, 2026","@codewithDiyaa ‚ÄúVibe coding‚Äù doesn‚Äôt really cover what current AI agent coding is. Vibe coding doesn‚Äôt work, but using agents to write code for systems you design in set frameworks does.",https://x.com/RileyIsBuilding/status/2008606353972232322,66,0,2,0,0,0,0,0,0,2,0,0,0
2008605951042207909,"Tue, Jan 6, 2026",@OmriBuilds Build to solve problems that YOU have. No need to validate when you‚Äôre the ideal customer.,https://x.com/RileyIsBuilding/status/2008605951042207909,10,0,0,0,0,0,0,0,0,0,0,0,0
2008598612893462594,"Tue, Jan 6, 2026",Building outside Spanish Steps in Rome. What‚Äôs stopping you from being here in 2026? https://t.co/iZ48pZodK1,https://x.com/RileyIsBuilding/status/2008598612893462594,51,0,5,0,0,0,1,0,1,2,0,0,0
2008591896353140821,"Tue, Jan 6, 2026",Differentiation during the AI era is dependent on creating unique and intuitive UIs. AI agents excel at generating quick front end designs fast. This is slowly leading to a sea of lookalike interfaces that are no different than the AI slop we see all over social media. When,https://x.com/RileyIsBuilding/status/2008591896353140821,44,0,0,0,0,0,0,0,0,0,0,0,0
2008353658170224756,"Tue, Jan 6, 2026",@justinmfarrugia I hand draw a base UI sketch -&gt; pass that into nano banana with a good prompt -&gt; then have Claude create a https://t.co/MvycKWG1K2 file with all of the style matching the nano banana image,https://x.com/RileyIsBuilding/status/2008353658170224756,102,0,3,0,0,0,0,0,0,1,2,0,0
2008332764861342110,"Tue, Jan 6, 2026",@gunnarmorling I fixed this by making sure every subdirectory has a .md file documenting everything. Then I make sure claude parses the .md files to look for existing code that can be added to or modified before creating new files. Works like a charm,https://x.com/RileyIsBuilding/status/2008332764861342110,30,0,0,0,0,0,0,0,0,0,0,0,0
2008331763685249240,"Tue, Jan 6, 2026",@charliermarsh If this doesn‚Äôt make Claude self aware idk what will,https://x.com/RileyIsBuilding/status/2008331763685249240,51,0,0,0,0,0,0,0,0,0,0,0,0
2008330718477213798,"Tue, Jan 6, 2026",@seraleev Don‚Äôt forget a vape quitting or anti doom scrolling apps,https://x.com/RileyIsBuilding/status/2008330718477213798,13,0,0,0,0,0,0,0,0,0,0,0,0
2008330518635704426,"Tue, Jan 6, 2026",@pmddomingos This is why you collect your own domain knowledge and include it as .md files in your codebase,https://x.com/RileyIsBuilding/status/2008330518635704426,15,0,0,0,0,0,0,0,0,0,0,0,0
2008330268474564682,"Tue, Jan 6, 2026",@alexcooldev Vibe coding rights really just systems engineering,https://x.com/RileyIsBuilding/status/2008330268474564682,13,1,1,0,0,0,0,0,0,0,0,0,0
2008329645817831693,"Tue, Jan 6, 2026",@BusDownBonnor Needing a gamified app to explain sex. Are we cooked?,https://x.com/RileyIsBuilding/status/2008329645817831693,40,0,0,0,0,0,0,0,0,0,0,0,0
2008329373145850300,"Tue, Jan 6, 2026",@kaderobs How‚Äôd you generate revenue?,https://x.com/RileyIsBuilding/status/2008329373145850300,21,0,0,0,0,0,0,0,0,0,0,0,0
2008314651226886587,"Mon, Jan 5, 2026",@farzyness What does AGI even mean anymore? In 2016 we would‚Äôve looked at models today as AGI for sure,https://x.com/RileyIsBuilding/status/2008314651226886587,8,0,0,0,0,0,0,0,0,0,0,0,0
2008313205559619745,"Mon, Jan 5, 2026",@KevinNaughtonJr On a side note it‚Äôs such an intuitive logo to the name. Props to them,https://x.com/RileyIsBuilding/status/2008313205559619745,11,0,0,0,0,0,0,0,0,0,0,0,0
2008305362768965708,"Mon, Jan 5, 2026",@Star_Knight12 ASS,https://x.com/RileyIsBuilding/status/2008305362768965708,12,0,0,0,0,0,0,0,0,0,0,0,0
2008302895159005389,"Mon, Jan 5, 2026",Differences between AI models and tools is so marginal these days that you‚Äôre better off picking and sticking to one. The gains from familiarity will beat the marginal gains from choosing the best service.,https://x.com/RileyIsBuilding/status/2008302895159005389,49,0,0,0,0,0,0,0,0,0,0,0,0
2008302536508269005,"Mon, Jan 5, 2026",@craigzLiszt And X is always 2-3 days behind Reddit,https://x.com/RileyIsBuilding/status/2008302536508269005,15,0,0,0,0,0,0,0,0,0,0,0,0
2008302382736666790,"Mon, Jan 5, 2026",@firecrawl Solid product if you configure it right. Best results I‚Äôve seen are by fetching markdown format with main page only toggled on and stealth mode on for tough sites,https://x.com/RileyIsBuilding/status/2008302382736666790,52,0,0,0,0,0,0,0,0,0,0,0,0
2008295424688582921,"Mon, Jan 5, 2026",@schiz04renic Learn from them,https://x.com/RileyIsBuilding/status/2008295424688582921,33,1,2,0,0,0,0,0,0,1,0,0,0
2008295379717288114,"Mon, Jan 5, 2026",@mrmikeMTL I feel seen,https://x.com/RileyIsBuilding/status/2008295379717288114,14,0,0,0,0,0,0,0,0,0,0,0,0
2008295256094396838,"Mon, Jan 5, 2026",@andyorsow Store any data or files? Put them all in a repo and run Claude in VS code on it to identify patterns and trends. Have any repeatable tasks? Use Claude code with skills to trigger tasks that are frequent and repeatable. Spend a lot of time accessing third party applications?,https://x.com/RileyIsBuilding/status/2008295256094396838,41,0,0,0,0,0,0,0,0,0,0,0,0
2008289647651098736,"Mon, Jan 5, 2026",@kaif9999 Why learn front end dev anymore? Everyone should learn UX and UI design principles rather than dev,https://x.com/RileyIsBuilding/status/2008289647651098736,86,0,3,0,0,0,0,0,3,0,0,0,0
2008289151263928687,"Mon, Jan 5, 2026",@donvito In n Out or McDonald‚Äôs,https://x.com/RileyIsBuilding/status/2008289151263928687,17,0,0,0,0,0,0,0,0,0,0,0,0
2008287095941673444,"Mon, Jan 5, 2026",@NoahKingJr As the smallest account in existence I‚Äôd say this is false,https://x.com/RileyIsBuilding/status/2008287095941673444,22,0,1,0,0,0,0,0,1,0,0,0,0
2008286979415568827,"Mon, Jan 5, 2026",@dipalitwt VS code with Claude CLI &gt; Cursor ü§∑‚Äç‚ôÇÔ∏è,https://x.com/RileyIsBuilding/status/2008286979415568827,37,0,0,0,0,0,0,0,0,0,0,0,0
2008286620810965133,"Mon, Jan 5, 2026",If you‚Äôre running /compact in Claude code without asking it to identify gaps in knowledge about the chat history after you are going to run into serious issues‚Ä¶,https://x.com/RileyIsBuilding/status/2008286620810965133,63,0,1,0,0,0,0,0,0,1,0,0,0
2008284703275503730,"Mon, Jan 5, 2026",The 2026 product growth playbook: - build a personal brand in your product niche - automate as much as possible with Claude - a/b test everything - connect with real users and gather feedback - build products that solve problems that YOU have Rinse and repeat!,https://x.com/RileyIsBuilding/status/2008284703275503730,54,0,0,0,0,0,0,0,0,0,0,0,0
2008283526454534603,"Mon, Jan 5, 2026",@1Umairshaikh @grok what does this mean?,https://x.com/RileyIsBuilding/status/2008283526454534603,96,0,3,0,0,0,1,0,1,1,0,0,0
2008283350520246365,"Mon, Jan 5, 2026",How do people control for perfectionism? I constantly find myself saying ‚ÄúI‚Äôll launch as soon as I fix this bug‚Äù and then I get stuck refining and iterating more. Does anyone have mental frameworks or methods to help them ship even if things aren‚Äôt perfect?,https://x.com/RileyIsBuilding/status/2008283350520246365,54,0,0,0,0,0,0,0,0,0,0,0,0
2008281971806388585,"Mon, Jan 5, 2026",@ai_for_success Fireflies ai for meeting transcripts is also a game changer for your team,https://x.com/RileyIsBuilding/status/2008281971806388585,19,1,2,0,0,0,0,0,0,1,0,0,0
2008281779149431024,"Mon, Jan 5, 2026",@ai_for_success Notebook LM!,https://x.com/RileyIsBuilding/status/2008281779149431024,24,0,0,0,0,0,0,0,0,0,0,0,0
2008277154820239653,"Mon, Jan 5, 2026",@1Umairshaikh Even though I know it‚Äôs wrong I always choose the second,https://x.com/RileyIsBuilding/status/2008277154820239653,18,0,0,0,0,0,0,0,0,0,0,0,0
2008240692766929221,"Mon, Jan 5, 2026",@ModestMitkus How did you promote it?,https://x.com/RileyIsBuilding/status/2008240692766929221,57,0,0,0,0,0,0,0,0,0,0,0,0
2008234925439545513,"Mon, Jan 5, 2026",@big_duca The mental frameworks you learned will not be lost. This is the true skill. Programming was just a proxy for this,https://x.com/RileyIsBuilding/status/2008234925439545513,17,0,0,0,0,0,0,0,0,0,0,0,0
2008232942297117113,"Mon, Jan 5, 2026",@T_Zahil Cursor‚Äôs auto revert feature and chat history selection is better from a UX perspective but Claude is far better from a performance perspective,https://x.com/RileyIsBuilding/status/2008232942297117113,18,0,0,0,0,0,0,0,0,0,0,0,0
2008230463123660952,"Mon, Jan 5, 2026","@atikcoder0 Why use n8n when you already use Claude? Claude is infinitely more powerful, to me n8n only makes sense if you can‚Äôt code",https://x.com/RileyIsBuilding/status/2008230463123660952,199,0,4,0,0,0,0,0,3,1,0,0,0
2008225961163272467,"Mon, Jan 5, 2026",@GovindR07896606 @X ‚úã,https://x.com/RileyIsBuilding/status/2008225961163272467,14,1,5,0,0,0,0,0,1,3,0,0,0
2008225813750255715,"Mon, Jan 5, 2026",@canvardar Nothing beats Claude CLI + BMAD method,https://x.com/RileyIsBuilding/status/2008225813750255715,34,0,0,0,0,0,0,0,0,0,0,0,0
2008225615967908323,"Mon, Jan 5, 2026",@naval Which means it is just that much easier to differentiate with intuitive and unique UIs.,https://x.com/RileyIsBuilding/status/2008225615967908323,11,1,1,0,0,0,0,0,0,0,0,0,0
2008223216666636510,"Mon, Jan 5, 2026","The BMAD Method will turn you into a super vibe coder. It's a game changer for those who want to be a claude code and AI agentic coding power user. Here's why: BMAD isn't just another tool, it's a framework that structures your AI agents into roles like PM, architect, and",https://x.com/RileyIsBuilding/status/2008223216666636510,168,1,6,0,0,1,0,1,0,2,1,0,0
2008047047287717942,"Mon, Jan 5, 2026",Documentation is the key to unlocking real results. Markdown files are your best friend. .md .md .md,https://x.com/RileyIsBuilding/status/2008047047287717942,50,0,0,0,0,0,0,0,0,0,0,0,0